Relevance,Explanation
RELEVANT,"The generated answer directly addresses the question by providing the correct syntax for using the `precision_recall_fscore_support` function in Python, including an example that illustrates its usage with required inputs. This information is both accurate and pertinent to the question asked."
RELEVANT,"The generated answer directly addresses the question about modifying scripts to avoid pickle errors when using waitress. It provides a specific solution by advising to place the custom column transformer class into a separate module and import it appropriately in the scripts for saving and loading the model, which is relevant to preventing pickle errors."
RELEVANT,"The generated answer directly addresses the question by providing the appropriate command to launch a container image in interactive mode, along with the correct options (`-it` and `--entrypoint bash`), which are essential for interactive execution."
RELEVANT,"The generated answer directly addresses the question by confirming that a pull request can be made for homework solutions using Pytorch, while also providing additional context about the preferred use of Keras in the lessons. This makes the response relevant and informative."
RELEVANT,"The generated answer addresses the potential cause of the pip version error specifically in the context of the serverless deep learning section, citing version conflicts as a possible explanation. It provides a clear relationship between the Scikit-Learn version used for training and the version in the virtual environment, which is directly relevant to the question regarding the pip version error."
RELEVANT,The generated answer directly addresses the question by providing the specific command 'kubectl get hpa' that should be run to check the Horizontal Pod Autoscaler (HPA) status after making changes to the metrics-server. This information is both accurate and relevant to the query.
RELEVANT,"The generated answer directly addresses the question by providing the necessary command to check the AWS CLI version and specifies the requirement of using AWS CLI v2 for eksctl compatibility. It also includes a reference to additional documentation, which is helpful for users seeking more information."
RELEVANT,"The generated answer directly addresses the question by identifying a main reason for varying accuracy values, specifically focusing on the implications of data splitting. It explains how inconsistencies in data distribution during the splits can lead to different outcomes in accuracy, which is a relevant and accurate explanation for the question asked."
RELEVANT,"The generated answer directly addresses the question by explaining how to restore the REMOTE_URI variable after the session ends. It provides a clear instruction on exporting the variable again with a specific command, which is precisely the information requested in the question."
RELEVANT,"The generated answer provides a specific location (a link to Kaggle) where the script for generating the Kitchenware Classification Competition dataset can be found, directly addressing the user's question about where to locate the script."
RELEVANT,The generated answer directly addresses the question about the solution for the TensorFlow Serving error on Apple M1 Mac by providing specific commands to pull and run a compatible Docker image. This solution is clearly applicable to the context of the error mentioned in the question.
RELEVANT,"The generated answer directly addresses the question about resolving the NotSupportedError in section 5 by providing specific steps, such as updating the code and potential workarounds. The information is applicable and clearly related to the error mentioned in the question."
RELEVANT,The generated answer directly addresses the question by identifying Tzvi Friedman as the person who added the solution for the specified error in Keras model training.
PARTLY_RELEVANT,"The generated answer provides a step related to preparation for installation (launching PowerShell with administrator privileges), but it does not directly address the actual installation of 'kind' through 'choco'. More specific information about using 'choco' to install 'kind' is needed for full relevance."
RELEVANT,"The generated answer directly addresses the question by providing a specific method to fetch data using the requests library. It includes clear code that demonstrates how to use the library to download a dataset, which is exactly what the question asks for regarding homework data fetching."
RELEVANT,"The generated answer directly addresses the question by confirming that `mean_squared_error` can be used to compute RMSE in one step, and it provides a specific implementation detail about using the `squared` parameter set to `False`. This makes the information both accurate and useful, fulfilling the query effectively."
RELEVANT,"The generated answer provides specific links to documentation related to how Lambda functions are initialized, directly addressing the question asked."
RELEVANT,"The generated answer directly addresses the question by providing a clear example of how to read data from a GitHub URL using pandas. It includes the necessary code snippet and explains that it reads the dataset into a pandas DataFrame, aligning perfectly with the request for an explanation on this specific task."
RELEVANT,The generated answer accurately addresses the question regarding the behavior of missing values when using a random seed of 42. It explains that this specific seed results in a consistent allocation of missing values to the training dataframe and clarifies how using a different seed would affect the distribution. This directly responds to the inquiry about the reason behind the occurrence of missing values in the training dataframe.
RELEVANT,"The generated answer directly addresses the question about where to find materials related to the cohort by providing specific instructions on how to access the cohort folder on the course page, which is exactly what the user is looking for."
RELEVANT,The generated answer directly addresses the question by confirming that there is a link to learn more about the California housing dataset and provides a relevant URL for further information.
RELEVANT,"The generated answer directly addresses the question by identifying the specific algorithms associated with bagging and boosting, namely Random Forest and XGBoost. It also provides a clear and accurate explanation of how each algorithm functions, which is pertinent to the topic of the course."
RELEVANT,"The generated answer directly addresses the question by specifying that Ella Sahnan contributed the information about using metrics on a series or dataframe in section 4, which matches the inquiry about the contributor's identity."
RELEVANT,"The generated answer directly addresses the question by suggesting a specific video that explains the normal form derivation for regression, which is exactly what the user requested."
RELEVANT,"The generated answer directly addresses the question by confirming that Google Cloud Platform offers free services for a long period and specifically mentions microinstances along with other services, providing a relevant response to the inquiry about free offerings."
RELEVANT,"The generated answer provides a direct link to a guide for using Docker in Google Colab, which explicitly addresses the question asked."
PARTLY_RELEVANT,"The generated answer provides the command to import 'mean_squared_error' from sklearn, which can be used to calculate RMSE. However, it does not explicitly mention that RMSE is the square root of the mean squared error or provide the function to compute RMSE directly. Therefore, while it is somewhat relevant, it does not fully address the question."
RELEVANT,"The generated answer directly addresses the question by providing an alternative command for configuring the AWS region. It clearly explains the command needed when the region is set by default, thereby fulfilling the inquiry effectively."
RELEVANT,"The generated answer correctly identifies the pandas function `std()` as the function that computes the standard deviation from a series, and provides examples of its usage, which directly addresses the question."
RELEVANT,"The generated answer directly addresses the question by providing the correct information about the default value for the number of workers in the fit function, which is explicitly stated as 1."
RELEVANT,"The generated answer directly addresses the question regarding the issue of an optimizer error when loading a Keras model. It provides a clear and specific solution to the problem by suggesting the use of `compile=False` in the `load_model` function, which is pertinent to resolving the issue mentioned in the question."
RELEVANT,"The generated answer directly addresses the question about verifying results from one's own code for evaluation metrics by suggesting the use of the scikit-learn library. It details specific functions available for computing various metrics and provides a clear example of how to implement these functions, which aligns well with the inquiry about verification methods."
RELEVANT,"The generated answer directly addresses the question about the necessity of using regularization techniques in machine learning. It explains that regularization is not always required and provides context regarding when it may be applicable, such as with small datasets or complex models. The answer emphasizes the need to evaluate each case individually, which aligns well with the question asked."
RELEVANT,The generated answer accurately describes the role of `np.sign` in identifying points of intersection between precision and recall curves by evaluating the sign of the difference between their values. This directly addresses the question about the function's role in determining intercepts.
RELEVANT,"The generated answer directly addresses the issue of running out of storage after building many Docker images by providing practical solutions, such as checking image size and using specific commands to remove unnecessary data and reclaim storage."
RELEVANT,"The generated answer directly addresses the question by stating that folders are read in alphabetical order when determining numeric class labels in `flow_from_directory` in TensorFlow. It provides a clear example to illustrate the order of reading and the assignment of class labels, making it highly relevant to the query."
RELEVANT,"The generated answer directly addresses the question by specifying the correct file to modify to fix Docker's DNS settings, including the necessary JSON format to add DNS entries and instructions to restart the Docker service afterwards. This information is directly relevant and actionable."
PARTLY_RELEVANT,"The generated answer indicates that multiple models are necessary for the midterm, aligning with the question's inquiry about the number of required models. However, it does not specify a concrete number, which makes it only partially relevant to the exact question asked."
RELEVANT,"The generated answer accurately explains why a threshold of 1.0 leads to a false positive rate of 0.0, detailing the conditions under which a model predicts positive values and the behavior of the sigmoid function. It directly addresses the question and provides a clear rationale."
RELEVANT,"The generated answer directly addresses the question by accurately stating the pandas method `std()` used to calculate the standard deviation of a series. It also provides additional context and examples for using the method with both a Series and a DataFrame, which enhances the understanding and relevance of the answer."
RELEVANT,"The generated answer directly addresses the question by providing a clear reason for not including df_train_full in the correlation matrix task. It explains that df_train_full contains the validation dataset and emphasizes the importance of avoiding conclusions based on validation data, which is pertinent to the context of the task."
RELEVANT,"The generated answer provides a clear and comprehensive set of steps for setting up a Conda environment, addressing the question directly. It includes necessary actions like installing Anaconda or Miniconda, creating and activating an environment, and exporting it, which are all relevant to the setup process."
RELEVANT,"The generated answer directly addresses the issue of fixing a ValueError related to feature names in XGBoost by providing specific advice on handling unsupported characters in feature names. It also offers practical code examples and alternatives, making it relevant and useful for the question asked."
RELEVANT,"The generated answer provides specific steps to resolve the 'Cannot connect to the docker daemon' issue on WSL, directly addressing the user's question. It includes checking Docker Desktop settings for WSL integration, enabling additional distros, and reinstalling Docker if necessary. The mention of commands for starting the Docker daemon, although not strictly relevant to WSL, is still related to resolving connectivity issues, making the overall answer comprehensive and applicable."
RELEVANT,"The generated answer directly addresses the question about the midterm project being mandatory for the certificate. It clearly states that it is not mandatory and provides additional information about the requirements for obtaining the certificate, which enhances the response's relevance."
NON_RELEVANT,"The generated answer explicitly states that it cannot provide any information about the commands to start the Docker daemon on Linux due to a lack of relevant context. Thus, it does not address the question at all."
RELEVANT,"The generated answer directly addresses the question about eligibility for certification despite missing the midterm project. It provides specific criteria for certification, confirming that eligibility remains possible, which is exactly what the question seeks to understand."
RELEVANT,"The generated answer provides a specific command to install the tool 'md5sha1sum' on a Mac, which is a suitable replacement for 'md5sum', addressing the question appropriately. It also includes usage information for checking file hashes, which is relevant to the context of using the tool."
RELEVANT,"The generated answer directly addresses the question by providing a clear and relevant command (`docker cp`) that can be used to transfer files from a local machine to a Docker container, along with an example syntax."
PARTLY_RELEVANT,"The generated answer acknowledges the absence of a YouTube video on the topic, which is partly relevant to the question asked. However, it does not provide any additional information or context that could help the user, or confirm whether such a video exists elsewhere."
RELEVANT,"The generated answer directly addresses the question by providing the specific version of the zoomcamp-model image for Module 5 HW Question 6, which is precisely what the question is asking for."
RELEVANT,"The generated answer directly addresses the question about the suitability of FeatureHasher versus DictVectorizer for categorical features with high cardinality. It provides a clear rationale for why FeatureHasher is the preferred method in this context, discussing its memory efficiency and predefined vector length. Additionally, it briefly mentions the characteristics and limitations of DictVectorizer, adding valuable context to the comparison."
RELEVANT,The generated answer directly addresses the question about data splitting methods by providing a specific recommendation for a method and explaining the rationale behind it. The details given regarding the ratios and the integrity of the data support the relevance of the response.
RELEVANT,"The generated answer directly addresses the issue of a ValueError when loading weights into a subclassed Model. It explains the reason for the error and provides a specific solution by suggesting evaluating the model on input data to ensure that the model's variables are created, which is necessary before loading the weights."
RELEVANT,The generated answer directly addresses the question about why AUC values change when re-running the DecisionTreeClassifier by explaining the role of randomness in the training process and providing a practical solution to achieve consistency through setting a random seed.
RELEVANT,"The generated answer directly addresses the f-string error in the context of machine learning model deployment by explaining the common mistake of using parentheses instead of curly braces. It provides a concrete example to clarify the point, making it highly relevant to the question asked."
PARTLY_RELEVANT,"The generated answer suggests a command to run in case of a metadata loading error, which is somewhat relevant to the question. However, it does not mention additional steps or procedures that may be necessary after restarting Docker Desktop and the terminal beyond the suggested command. Therefore, while it provides a potential solution, it does not comprehensively address the overall procedure to follow in this scenario."
PARTLY_RELEVANT,"The generated answer indicates that there is a difference in the skills taught between the current iteration and 2021, but it also notes that the focus and core skills have remained the same, which could create some confusion. While it partially addresses the question, it does not clearly specify the nature of the differences, making it less than fully relevant."
RELEVANT,"The generated answer directly addresses the question about specific Python library versions needed for homework, stating that there are none required. It also provides additional useful context regarding the potential impact of library version differences on answers, which is pertinent to the homework's completion."
RELEVANT,"The generated answer directly addresses the question by providing steps to resolve the issue of 'wget' not being recognized on a Windows system. It suggests two effective methods: installing wget using Chocolatey and downloading a binary, which aligns well with the user's need for a solution."
RELEVANT,"The generated answer directly addresses the question by identifying George Chizhmak as the individual who provided the solution for the XGBoostError, along with relevant context about the solution involving sklearn."
RELEVANT,The generated answer directly addresses the error message about the 'sklearn' module not being found. It explains that the correct package name is 'scikit-learn' and provides a solution by suggesting modifications to the `bentofile.yaml`. This information is pertinent and effectively resolves the user's issue.
PARTLY_RELEVANT,"The generated answer partially addresses the question by stating that default values cannot be used for all fields. However, it does not clearly affirm that the default values can be used for some fields while specifically stating which fields those are. It also discusses inputs required for Access Key ID and Secret Access Key but does not clearly distinguish between mandatory and optional fields."
RELEVANT,"The generated answer appropriately addresses the question about handling memory allocation errors in AWS ECS by providing a practical solution of increasing RAM and CPU in the task definition, which is a common method to resolve such issues."
RELEVANT,The generated answer directly addresses the question by explaining that a negative accuracy difference signifies an improvement in the model after the removal of a feature. This is pertinent to understanding the implication of the accuracy difference in the context of feature removal.
RELEVANT,"The generated answer directly addresses the question regarding the steps Ángel de Vicente took to fix the protobuf issue in session 10.3. It provides specific actions he took, including the creation of a virtual environment and the command used to install a compatible version of the protobuf package. Additionally, it mentions alternative workarounds, adding depth to the response and confirming its relevance to the question asked."
RELEVANT,"The generated answer provides a clear and detailed step-by-step guide on how to set up CUDA and cuDNN on Ubuntu 22.04, directly addressing the question. It includes instructions on installing Nvidia drivers, the CUDA toolkit, and cuDNN, along with environment variable configuration for TensorFlow. All these steps are pertinent to the setup process for CUDA and cuDNN, making the answer fully relevant."
PARTLY_RELEVANT,"The generated answer provides a vague direction to refer to specific materials and instructions for Week 10, which is somewhat relevant to the question about initiating tasks. However, it lacks detailed guidance or specific steps on how to actually initiate the tasks, making it only partly relevant."
RELEVANT,"The generated answer directly addresses the question by specifying that the solutions from the 2021 iteration of the course should be checked for using AUC, which is precisely what the question is asking for."
PARTLY_RELEVANT,"The generated answer provides some context about an error related to gunicorn, specifically mentioning a binding issue, but it does not specify the actual error message that the question asks for. Thus, while it touches upon the topic, it does not fully answer the question."
RELEVANT,"The generated answer directly addresses the question by explaining the importance of avoiding data leakage when using DictVectorizer or get_dummies after splitting the data. It provides a clear rationale for this recommendation, which aligns well with the query."
RELEVANT,"The generated answer directly addresses the question by providing the name of the person who added the solution to the NameError issue in the FAQ section, which is the specific information requested."
RELEVANT,"The generated answer directly addresses the question by stating that Krishna Annad mentioned the usage of Yellowbrick for classification reports in the course, which is precisely what was asked."
RELEVANT,"The generated answer directly addresses the issue of the 'kind' command not being recognized in Windows by suggesting a solution related to the executable file name and its placement in the system's PATH, which is relevant to the user's problem."
RELEVANT,"The generated answer directly addresses the issue of the 'kind' command not being recognized on Windows by providing specific troubleshooting steps to resolve the problem, including renaming the executable and modifying the system PATH variable."
RELEVANT,"The generated answer provides clear and specific methods for visualizing feature importance in scikit-learn, including reference to an example graph and a detailed implementation of a horizontal bar chart. This directly addresses the question and offers practical guidance, making it highly relevant."
RELEVANT,"The generated answer directly addresses the question about renaming a file that contains a dash, suggesting a specific solution of replacing the dash with an underscore, which is applicable to the context of file renaming."
RELEVANT,"The generated answer directly addresses the question by providing specific commands to display the size of a Docker image. It accurately explains how to use the commands and includes the necessary placeholders for customization, making it fully relevant to the user's query."
RELEVANT,"The generated answer accurately explains the functionality of the KFold function in relation to the specified parameters (n_splits, shuffle, and random_state). It covers how the function splits data into training and validation sets, the significance of shuffling data, and the importance of setting a random state for reproducibility. Additionally, it addresses a programming best practice regarding the placement of the KFold definition, which further enhances its relevance to the question."
PARTLY_RELEVANT,"The generated answer provides a method to load a dataset using a wget command, but it doesn't address the specific context of Kaggle Notebooks directly. Kaggle typically provides built-in functions to load datasets from Kaggle datasets directly, which is more relevant to the question. While the answer does mention using a Pandas command afterwards, it lacks the focused solution for Kaggle's environment."
RELEVANT,"The generated answer directly addresses the question by providing a clear formula to calculate the probability of class 0 based on the probability given for class 1. It effectively explains the relationship between the probabilities of the two classes in a binary classification scenario, making it highly relevant to the query."
PARTLY_RELEVANT,"The generated answer acknowledges the word 'questions' but does not directly address any specific information or context that the user may be seeking. It invites clarification, which is a constructive response but lacks substance regarding the potential inquiry."
RELEVANT,"The generated answer directly addresses the question about posting the same content on multiple social sites for homework points. It confirms that this is permissible and provides specific information about earning points, which is directly related to the user's inquiry."
RELEVANT,The generated answer directly addresses the error message specified in the question by explaining its cause related to the executable file name and offering a solution regarding renaming the file and updating the system's PATH. This makes it pertinent to the user's issue.
RELEVANT,"The generated answer accurately explains why mutual information cannot directly use continuous variables, highlighting the need to bin or transform them into a discrete form, which aligns well with the question's inquiry."
PARTLY_RELEVANT,"The generated answer mentions 'keras.models.Sequential()' as a method associated with passing parameters in a model, but it does not explicitly clarify how this relates to passing multiple parameters or how it fulfills Krishna Anand's recommendation. While it touches on a relevant topic, it lacks specificity and direct relevance to the exact method for passing multiple parameters that the question asks about."
RELEVANT,"The generated answer addresses the handling of categorical features specifically for Ridge Regression, mentioning the transformation into numerical format through one-hot encoding and relevant considerations for implementation. The advice given is directly applicable to preparing data for Ridge Regression, making the response highly relevant."
RELEVANT,"The generated answer directly addresses the question by informing the user about an important setting while using DictVectorizer, specifically the need to use the updated method '.get_feature_names_out()' to avoid warnings. This is pertinent information for effectively utilizing DictVectorizer."
RELEVANT,"The generated answer directly addresses the question by providing the exact command needed to install pip on WSL, which is relevant and helpful information for the user."
RELEVANT,"The generated answer directly addresses the question by specifying that 'ocean_proximity' should be used alongside the binarized price to calculate mutual information, which is precisely what the question is asking for."
RELEVANT,"The generated answer directly addresses the question by stating that Bhaskar Sarma provided the solution for the AWS configuration issue in video 9.6, making it fully relevant."
RELEVANT,"The generated answer directly addresses the question by providing steps to resolve the issue of 'pipenv' not being recognized as a command. It specifically talks about checking and updating the PATH variable, which is the correct approach to fix this problem on Windows. Additionally, it mentions considerations for users with Anaconda, which adds useful context."
PARTLY_RELEVANT,"The generated answer provides a method for contributing to a Community Notes section by mentioning GitHub and creating a repository. However, it lacks specificity on how to actually add notes to that section beyond the technical steps, which might not be directly applicable to all Community Notes setups."
RELEVANT,"The generated answer directly addresses the question by identifying Olga Rudakova as the provider of the answer regarding the recommended practice for using DictVectorizer or get_dummies, thus making it relevant to the inquiry."
RELEVANT,"The generated answer provides a clear and direct explanation of how to use the `mean_squared_error` function from `sklearn.metrics` to calculate RMSE in Python, including a code example and a reference link for further information. This fully addresses the question asked."
RELEVANT,"The generated answer provides a clear and detailed set of steps necessary to push an initial commit to GitHub, including repository creation, staging changes, committing, and pushing to the remote repository. Additionally, it addresses a common error that may arise during the process, enhancing its usefulness."
RELEVANT,The generated answer directly addresses the question by confirming that the course is available in a self-paced mode and providing additional context about the flexibility it offers.
PARTLY_RELEVANT,"The generated answer addresses the question about the number of workers for training on a T4 GPU in Google Colab. However, the specific number mentioned (2560) may be unrealistic or not applicable in most situations, as typically, the number of workers would not exceed the available cores or could lead to diminishing returns. Thus, while the answer is relevant to the topic, it lacks practical applicability."
RELEVANT,"The generated answer directly addresses the question regarding the values for CPU and memory in HW10 Q6, clearly stating that they are not arbitrary and providing additional context about their specification in the yaml file, which aligns well with the query."
RELEVANT,"The generated answer directly addresses the question by specifying the type of error that occurs when running 'eb local run --port 9696', which is a NotSupportedError. It provides relevant details about the limitation related to the command, making it highly relevant to the question asked."
RELEVANT,The generated answer provides a clear and specific solution to avoiding the 'manifest unknown' error by advising the user to use the correct Docker image tag instead of the default 'latest' tag. This directly addresses the question about how to prevent that specific error when pulling a Docker image.
RELEVANT,The generated answer directly addresses the question by providing specific resources from AWS documentation that help in understanding Lambda container images in-depth. The inclusion of links to documentation guides further supports its relevance.
NON_RELEVANT,"The generated answer discusses importing a 'ping' function, which is not related to Decision Trees or Ensemble Learning. There is no context provided regarding why the 'ping' function is relevant to the question about these machine learning topics. A more relevant answer would discuss common issues related to importing functions in the context of the specific libraries used for Decision Trees and Ensemble Learning."
RELEVANT,"The generated answer directly provides the necessary instructions to install Docker on MacOS by directing the user to the official documentation link. It also includes a helpful reminder about checking the type of chip, which is relevant information for installation."
RELEVANT,"The generated answer directly addresses the question by providing a clear explanation of how to specify files to be copied in a Dockerfile using the COPY command, along with an example syntax. This directly correlates with the user's request."
RELEVANT,"The generated answer accurately explains what the command `sns.histplot(df['median_house_value'], kde=False)` does, detailing that it creates a histogram for the specified DataFrame column and clarifying the impact of the `kde=False` parameter. It provides a comprehensive understanding of both the function used and its purpose, which directly aligns with the question asked."
RELEVANT,"The generated answer directly addresses the question by correctly identifying the `-l` option as the built-in function in 'nvidia-smi' for running it repeatedly. It also provides an example command, which enhances the explanation and confirms the relevance to the question."
RELEVANT,"The generated answer directly addresses the purpose of using a seed value when splitting data for training and validation. It explains how a seed ensures reproducibility and consistency in data splits, which is integral to reliable model performance comparison. The mention of specific examples and the importance of consistency aligns well with the question."
RELEVANT,The generated answer directly addresses the question by providing specific workarounds for the issue caused by newer versions of protobuf in session 10.3. The suggestions of downgrading the protobuf package and modifying the environment variable are both relevant solutions to the problem mentioned in the question.
RELEVANT,"The generated answer directly addresses the question by providing a clear step (restarting the Jupyter notebook) to ensure that imports work after package installation. It also gives a specific example, which enhances understanding and relevance."
RELEVANT,"The generated answer directly addresses the question by explaining how to check the column information and memory usage of a pandas DataFrame using the `df.info()` method, which is precisely what the question asks for."
RELEVANT,"The generated answer directly addresses the question by explaining the reasons for transforming the target variable to a logarithmic distribution, specifically mentioning the handling of skewness and long tail distributions. It also gives a caution regarding negative values, which is relevant to the context of the transformation."
RELEVANT,"The generated answer effectively explains the importance of the seed value in TensorFlow for achieving reproducibility in training runs. It details how setting a specific seed and using appropriate functions can lead to consistent results, directly addressing the question asked."
PARTLY_RELEVANT,"The generated answer addresses the error related to 'contextfilter' from 'jinja2', but it does not specifically mention the underlying cause of the error or provide a direct solution that targets the 'contextfilter' issue itself. Instead, it suggests an upgrade for 'nbconvert', which may not directly resolve the problem."
RELEVANT,"The generated answer provides a clear method for identifying high correlation between features by suggesting the use of a correlation matrix and specific code examples using the pandas library. It also offers additional guidance on visualizing correlations using a heatmap, which is directly related to the question. Thus, the answer is both pertinent and useful."
RELEVANT,"The generated answer directly addresses the question by stating that the Dockerfile should be named 'Dockerfile' and specifies that it should not have any extension, which is accurate and completely relevant to the query."
PARTLY_RELEVANT,"The generated answer mentions Visual Studio Code as a recommended IDE for machine learning, which addresses the question. However, it does not provide a comprehensive comparison of different IDEs or justify why VS Code is the best option, limiting its relevance."
RELEVANT,"The generated answer directly addresses the question by explaining why linear regression does not achieve a perfect fit despite training on X_train. It discusses overfitting and the limitations of a simple linear model, which are key factors related to the performance of linear regression in this context."
RELEVANT,The generated answer directly addresses the question by providing an alternative command ('!dir') for obtaining similar output to '!ls -lh' in Windows Jupyter Notebook. The answer is clear and relevant to the context of the original inquiry.
RELEVANT,"The generated answer directly addresses the issue of the model's accuracy dropping to 0.5 after augmentation by suggesting a specific action (checking the ImageDataGenerator for the 'rescale' option) that could potentially resolve the problem. It also provides context about the implications of low accuracy, which adds to its relevance."
RELEVANT,"The generated answer directly addresses the question by recommending to rewatch the video on the ROC curve and explains its importance in the context of Binary Classification models, thus providing a clear and relevant response."
RELEVANT,"The generated answer directly addresses the question by providing a specific method (`X.copy()`) to create a deep copy of a dataframe, along with an explanation of its effect on the original dataframe."
RELEVANT,The generated answer directly addresses the error encountered during the 'pipenv install' command by providing specific steps to resolve the conflict between 'python_version' and 'python_full_version'. It clearly explains the actions the user should take and follows up with an additional step to ensure the environment is correctly configured.
RELEVANT,"The generated answer addresses the question by explaining that one side of the long tail distribution has a different area due to its asymmetry compared to a normal distribution. It discusses the implications of this asymmetry, including the differences in mean, median, and mode, which directly relates to the varying areas on either side of the distribution."
RELEVANT,"The generated answer addresses the question directly by explaining why the error occurs, specifically focusing on the transformation of the target variable. It clearly outlines the cause of the issue and provides a solution, which is relevant to the user's inquiry about the error message regarding data containing only one class."
RELEVANT,"The generated answer directly addresses the question by providing a specific amount of time (10 hours per week) that students of the previous cohort spent on the course, which aligns perfectly with the inquiry about their weekly time commitment."
RELEVANT,"The generated answer directly addresses the issue of an error related to scipy while using ImageDataGenerator. It provides clear and practical steps to resolve the error, making it highly relevant to the question asked."
RELEVANT,"The generated answer provides a clear example of using the COPY command in a Dockerfile, which directly addresses the question asked. It also includes a helpful note about using double quotes, adding value to the explanation."
RELEVANT,"The generated answer accurately explains the meaning of '500m' in the context of Kubernetes CPU limits, detailing that it represents 500 milliCPUs, which is equivalent to 0.5 CPU core. This directly addresses the question asked."
RELEVANT,"The generated answer provides a direct example of using curl to download a file on macOS, including the appropriate command, explanation of the command options, and a specific URL, which fully addresses the question."
RELEVANT,"The generated answer directly addresses the handling of missing values using `fillna()` in the context of regression, emphasizing the importance of doing so before data splitting to prevent data leakage. It also introduces a function that aids in the process, which is pertinent to effectively managing missing values in regression analysis."
RELEVANT,The generated answer provides clear and practical steps on how to debug a Docker container by explaining how to launch a container in interactive mode and how to execute commands in a running container. This directly addresses the question asked.
RELEVANT,The generated answer directly addresses the question by providing a specific link where details on configuring the environment on a Mac with an M1 chip can be found. This makes it highly relevant to the user's request.
RELEVANT,"The generated answer directly addresses the question by confirming that the AWS Serverless Framework can be used to deploy a Flask application on AWS Lambda. It provides specific details about creating a Docker image, pushing it to AWS ECR, and using API Gateway, which are relevant to the deployment process mentioned in the question."
RELEVANT,"The generated answer correctly identifies that np.log1p() is particularly useful for target variable distributions with a long tail, which is relevant to the question asked. It specifically mentions price distributions as an example, illustrating the context well."
RELEVANT,"The generated answer provides specific guidance on where to find installation guides for CUDA and cuDNN for different operating systems (Ubuntu, Windows, and WSL/Linux), directly addressing the question about finding a guide for installation on a local machine."
RELEVANT,"The generated answer directly addresses the question about what to do when 'get_feature_names' is deprecated by providing a suitable alternative ('get_feature_names_out()') and additional context on how to convert the output to a list. It also emphasizes the importance of fitting the predictor and response arrays, which is relevant information for users encountering this deprecation."
RELEVANT,"The generated answer provides the correct syntax for the COPY command in a Dockerfile, which directly addresses the question asked. Additionally, the mention of using double quotes around filenames adds useful context that can help prevent errors."
RELEVANT,"The generated answer directly addresses the question about resolving issues with Pipfile and Pipfile.lock dependencies not being updated. It provides clear and practical solutions, including specific commands to run and troubleshooting steps, which are relevant to the user's problem."
NON_RELEVANT,The generated answer does not address the question at all. It mentions requirements for a midterm project involving posts but does not provide any relevant information regarding the specific query or topic posed in 'question1'.
RELEVANT,"The generated answer directly addresses the question by providing a specific resource (the TensorFlow Keras documentation) where the user can find more information about the 'workers' parameter in 'model.fit()'. It also gives additional context about the usage and significance of the parameter, making it highly relevant to the inquiry."
RELEVANT,"The generated answer directly addresses the question by providing a clear method to shuffle a complete dataset using the pandas library. It includes the relevant code snippet and explains the key parameters used, making it highly relevant to the user's query."
RELEVANT,"The generated answer effectively addresses the question of why the accuracy might differ from homework options by explaining factors like data splitting methods and environmental variations. It provides practical advice and relates back to the context of homework, making it pertinent to the user's query."
RELEVANT,"The generated answer directly addresses the question by providing clear steps to configure the console for pushing Docker images to Google Container Registry, including the installation of Google Cloud SDK and the specific command to authenticate Docker with Google Cloud. The information is accurate and pertinent to the query."
RELEVANT,"The generated answer provides a clear, step-by-step method for calculating RMSE, including pertinent code snippets using Python libraries. It directly addresses the question on how to calculate RMSE, making it highly relevant and informative for someone seeking to understand the RMSE calculation process."
RELEVANT,"The generated answer directly addresses the question by explaining what to do if password authentication for GitHub is no longer supported. It provides a specific solution—creating a personal access token—and includes a reference to further documentation, which is pertinent and helpful information for the user."
RELEVANT,"The generated answer directly addresses the question by providing a specific source for instructions on installing TensorFlow GPU on Ubuntu. It also mentions additional necessary components (CUDA and cuDNN), which are relevant for the installation process, further enhancing the answer's completeness."
RELEVANT,"The generated answer accurately describes the role of `y_true` in calculating the AUC score using sklearn. It explains that `y_true` represents the actual target variable values and its purpose in comparing against `y_score`, which is essential for assessing model performance through the AUC score."
RELEVANT,"The generated answer directly addresses the question regarding how Quinn Avila solved the issue with Jupyter notebook not recognizing a newly installed package. It provides a clear explanation of the solution, which involved restarting the notebook after the installation of the package, thereby confirming that the issue was resolved."
RELEVANT,The generated answer directly addresses the question by explaining that the target variable 'median_house_value' was modified to binary format and provides the reasoning for this modification. It is pertinent and informative regarding the context of the homework.
